{
    "angular_velocity": [
        -4.524375981418416e-05,
        2.3831718863220885e-05,
        -3.0477052860078402e-05
    ],
    "linear_acceleration": [
        -0.00011858575453516096,
        -0.0009123691124841571,
        9.809653282165527
    ],
    "orientation": [
        -1.8034791082754964e-07,
        6.716250311455951e-08,
        -1.0452494336732343e-07,
        1.0
    ],
    "timestamp": 2691973271
}