{
    "angular_velocity": [
        3.43494612025097e-05,
        7.118925168470014e-06,
        3.4846401831600815e-05
    ],
    "linear_acceleration": [
        -0.0003251795715186745,
        0.0010643309215083718,
        9.80992603302002
    ],
    "orientation": [
        -6.172357984723931e-07,
        4.491431013775582e-07,
        1.3875661863949063e-07,
        1.0
    ],
    "timestamp": 2675306603
}